CP,ZONA,LOCALIDAD
1000,CABA,CABA
1001,CABA,CABA
1002,CABA,CABA
1003,CABA,CABA
1004,CABA,CABA
1005,CABA,CABA
1006,CABA,CABA
1007,CABA,CABA
1008,CABA,CABA
1009,CABA,CABA
1010,CABA,CABA
1011,CABA,CABA
1012,CABA,CABA
1013,CABA,CABA
1014,CABA,CABA
1015,CABA,CABA
1016,CABA,CABA
1017,CABA,CABA
1018,CABA,CABA
1019,CABA,CABA
1020,CABA,CABA
1021,CABA,CABA
1022,CABA,CABA
1023,CABA,CABA
1024,CABA,CABA
1025,CABA,CABA
1026,CABA,CABA
1027,CABA,CABA
1028,CABA,CABA
1029,CABA,CABA
1030,CABA,CABA
1031,CABA,CABA
1032,CABA,CABA
1033,CABA,CABA
1034,CABA,CABA
1035,CABA,CABA
1036,CABA,CABA
1037,CABA,CABA
1038,CABA,CABA
1039,CABA,CABA
1040,CABA,CABA
1041,CABA,CABA
1042,CABA,CABA
1043,CABA,CABA
1044,CABA,CABA
1045,CABA,CABA
1046,CABA,CABA
1047,CABA,CABA
1048,CABA,CABA
1049,CABA,CABA
1050,CABA,CABA
1051,CABA,CABA
1052,CABA,CABA
1053,CABA,CABA
1054,CABA,CABA
1055,CABA,CABA
1056,CABA,CABA
1057,CABA,CABA
1058,CABA,CABA
1059,CABA,CABA
1060,CABA,CABA
1061,CABA,CABA
1062,CABA,CABA
1063,CABA,CABA
1064,CABA,CABA
1065,CABA,CABA
1066,CABA,CABA
1067,CABA,CABA
1068,CABA,CABA
1069,CABA,CABA
1070,CABA,CABA
1071,CABA,CABA
1072,CABA,CABA
1073,CABA,CABA
1074,CABA,CABA
1075,CABA,CABA
1076,CABA,CABA
1077,CABA,CABA
1078,CABA,CABA
1079,CABA,CABA
1080,CABA,CABA
1081,CABA,CABA
1082,CABA,CABA
1083,CABA,CABA
1084,CABA,CABA
1085,CABA,CABA
1086,CABA,CABA
1087,CABA,CABA
1088,CABA,CABA
1089,CABA,CABA
1090,CABA,CABA
1091,CABA,CABA
1092,CABA,CABA
1093,CABA,CABA
1094,CABA,CABA
1095,CABA,CABA
1096,CABA,CABA
1097,CABA,CABA
1098,CABA,CABA
1099,CABA,CABA
1100,CABA,CABA
1101,CABA,CABA
1102,CABA,CABA
1103,CABA,CABA
1104,CABA,CABA
1105,CABA,CABA
1106,CABA,CABA
1107,CABA,CABA
1108,CABA,CABA
1109,CABA,CABA
1110,CABA,CABA
1111,CABA,CABA
1112,CABA,CABA
1113,CABA,CABA
1114,CABA,CABA
1115,CABA,CABA
1116,CABA,CABA
1117,CABA,CABA
1118,CABA,CABA
1119,CABA,CABA
1120,CABA,CABA
1121,CABA,CABA
1122,CABA,CABA
1123,CABA,CABA
1124,CABA,CABA
1125,CABA,CABA
1126,CABA,CABA
1127,CABA,CABA
1128,CABA,CABA
1129,CABA,CABA
1130,CABA,CABA
1131,CABA,CABA
1132,CABA,CABA
1133,CABA,CABA
1134,CABA,CABA
1135,CABA,CABA
1136,CABA,CABA
1137,CABA,CABA
1138,CABA,CABA
1139,CABA,CABA
1140,CABA,CABA
1141,CABA,CABA
1142,CABA,CABA
1143,CABA,CABA
1144,CABA,CABA
1145,CABA,CABA
1146,CABA,CABA
1147,CABA,CABA
1148,CABA,CABA
1149,CABA,CABA
1150,CABA,CABA
1151,CABA,CABA
1152,CABA,CABA
1153,CABA,CABA
1154,CABA,CABA
1155,CABA,CABA
1156,CABA,CABA
1157,CABA,CABA
1158,CABA,CABA
1159,CABA,CABA
1160,CABA,CABA
1161,CABA,CABA
1162,CABA,CABA
1163,CABA,CABA
1164,CABA,CABA
1165,CABA,CABA
1166,CABA,CABA
1167,CABA,CABA
1168,CABA,CABA
1169,CABA,CABA
1170,CABA,CABA
1171,CABA,CABA
1172,CABA,CABA
1173,CABA,CABA
1174,CABA,CABA
1175,CABA,CABA
1176,CABA,CABA
1177,CABA,CABA
1178,CABA,CABA
1179,CABA,CABA
1180,CABA,CABA
1181,CABA,CABA
1182,CABA,CABA
1183,CABA,CABA
1184,CABA,CABA
1185,CABA,CABA
1186,CABA,CABA
1187,CABA,CABA
1188,CABA,CABA
1189,CABA,CABA
1190,CABA,CABA
1191,CABA,CABA
1192,CABA,CABA
1193,CABA,CABA
1194,CABA,CABA
1195,CABA,CABA
1196,CABA,CABA
1197,CABA,CABA
1198,CABA,CABA
1199,CABA,CABA
1200,CABA,CABA
1201,CABA,CABA
1202,CABA,CABA
1203,CABA,CABA
1204,CABA,CABA
1205,CABA,CABA
1206,CABA,CABA
1207,CABA,CABA
1208,CABA,CABA
1209,CABA,CABA
1210,CABA,CABA
1211,CABA,CABA
1212,CABA,CABA
1213,CABA,CABA
1214,CABA,CABA
1215,CABA,CABA
1216,CABA,CABA
1217,CABA,CABA
1218,CABA,CABA
1219,CABA,CABA
1220,CABA,CABA
1221,CABA,CABA
1222,CABA,CABA
1223,CABA,CABA
1224,CABA,CABA
1225,CABA,CABA
1226,CABA,CABA
1227,CABA,CABA
1228,CABA,CABA
1229,CABA,CABA
1230,CABA,CABA
1231,CABA,CABA
1232,CABA,CABA
1233,CABA,CABA
1234,CABA,CABA
1235,CABA,CABA
1236,CABA,CABA
1237,CABA,CABA
1238,CABA,CABA
1239,CABA,CABA
1240,CABA,CABA
1241,CABA,CABA
1242,CABA,CABA
1243,CABA,CABA
1244,CABA,CABA
1245,CABA,CABA
1246,CABA,CABA
1247,CABA,CABA
1248,CABA,CABA
1249,CABA,CABA
1250,CABA,CABA
1251,CABA,CABA
1252,CABA,CABA
1253,CABA,CABA
1254,CABA,CABA
1255,CABA,CABA
1256,CABA,CABA
1257,CABA,CABA
1258,CABA,CABA
1259,CABA,CABA
1260,CABA,CABA
1261,CABA,CABA
1262,CABA,CABA
1263,CABA,CABA
1264,CABA,CABA
1265,CABA,CABA
1266,CABA,CABA
1267,CABA,CABA
1268,CABA,CABA
1269,CABA,CABA
1270,CABA,CABA
1271,CABA,CABA
1272,CABA,CABA
1273,CABA,CABA
1274,CABA,CABA
1275,CABA,CABA
1276,CABA,CABA
1277,CABA,CABA
1278,CABA,CABA
1279,CABA,CABA
1280,CABA,CABA
1281,CABA,CABA
1282,CABA,CABA
1283,CABA,CABA
1284,CABA,CABA
1285,CABA,CABA
1286,CABA,CABA
1287,CABA,CABA
1288,CABA,CABA
1289,CABA,CABA
1290,CABA,CABA
1291,CABA,CABA
1292,CABA,CABA
1293,CABA,CABA
1294,CABA,CABA
1295,CABA,CABA
1296,CABA,CABA
1297,CABA,CABA
1298,CABA,CABA
1299,CABA,CABA
1300,CABA,CABA
1301,CABA,CABA
1302,CABA,CABA
1303,CABA,CABA
1304,CABA,CABA
1305,CABA,CABA
1306,CABA,CABA
1307,CABA,CABA
1308,CABA,CABA
1309,CABA,CABA
1310,CABA,CABA
1311,CABA,CABA
1312,CABA,CABA
1313,CABA,CABA
1314,CABA,CABA
1315,CABA,CABA
1316,CABA,CABA
1317,CABA,CABA
1318,CABA,CABA
1319,CABA,CABA
1320,CABA,CABA
1321,CABA,CABA
1322,CABA,CABA
1323,CABA,CABA
1324,CABA,CABA
1325,CABA,CABA
1326,CABA,CABA
1327,CABA,CABA
1328,CABA,CABA
1329,CABA,CABA
1330,CABA,CABA
1331,CABA,CABA
1332,CABA,CABA
1333,CABA,CABA
1334,CABA,CABA
1335,CABA,CABA
1336,CABA,CABA
1337,CABA,CABA
1338,CABA,CABA
1339,CABA,CABA
1340,CABA,CABA
1341,CABA,CABA
1342,CABA,CABA
1343,CABA,CABA
1344,CABA,CABA
1345,CABA,CABA
1346,CABA,CABA
1347,CABA,CABA
1348,CABA,CABA
1349,CABA,CABA
1350,CABA,CABA
1351,CABA,CABA
1352,CABA,CABA
1353,CABA,CABA
1354,CABA,CABA
1355,CABA,CABA
1356,CABA,CABA
1357,CABA,CABA
1358,CABA,CABA
1359,CABA,CABA
1360,CABA,CABA
1361,CABA,CABA
1362,CABA,CABA
1363,CABA,CABA
1364,CABA,CABA
1365,CABA,CABA
1366,CABA,CABA
1367,CABA,CABA
1368,CABA,CABA
1369,CABA,CABA
1370,CABA,CABA
1371,CABA,CABA
1372,CABA,CABA
1373,CABA,CABA
1374,CABA,CABA
1375,CABA,CABA
1376,CABA,CABA
1377,CABA,CABA
1378,CABA,CABA
1379,CABA,CABA
1380,CABA,CABA
1381,CABA,CABA
1382,CABA,CABA
1383,CABA,CABA
1384,CABA,CABA
1385,CABA,CABA
1386,CABA,CABA
1387,CABA,CABA
1388,CABA,CABA
1389,CABA,CABA
1390,CABA,CABA
1391,CABA,CABA
1392,CABA,CABA
1393,CABA,CABA
1394,CABA,CABA
1395,CABA,CABA
1396,CABA,CABA
1397,CABA,CABA
1398,CABA,CABA
1399,CABA,CABA
1400,CABA,CABA
1401,CABA,CABA
1402,CABA,CABA
1403,CABA,CABA
1404,CABA,CABA
1405,CABA,CABA
1406,CABA,CABA
1407,CABA,CABA
1408,CABA,CABA
1409,CABA,CABA
1410,CABA,CABA
1411,CABA,CABA
1412,CABA,CABA
1413,CABA,CABA
1414,CABA,CABA
1415,CABA,CABA
1416,CABA,CABA
1417,CABA,CABA
1418,CABA,CABA
1419,CABA,CABA
1420,CABA,CABA
1421,CABA,CABA
1422,CABA,CABA
1423,CABA,CABA
1424,CABA,CABA
1425,CABA,CABA
1426,CABA,CABA
1427,CABA,CABA
1428,CABA,CABA
1429,CABA,CABA
1430,CABA,CABA
1431,CABA,CABA
1432,CABA,CABA
1433,CABA,CABA
1434,CABA,CABA
1435,CABA,CABA
1436,CABA,CABA
1437,CABA,CABA
1438,CABA,CABA
1439,CABA,CABA
1440,CABA,CABA
1441,CABA,CABA
1442,CABA,CABA
1443,CABA,CABA
1444,CABA,CABA
1445,CABA,CABA
1446,CABA,CABA
1447,CABA,CABA
1448,CABA,CABA
1449,CABA,CABA
1450,CABA,CABA
1451,CABA,CABA
1452,CABA,CABA
1453,CABA,CABA
1454,CABA,CABA
1455,CABA,CABA
1456,CABA,CABA
1457,CABA,CABA
1458,CABA,CABA
1459,CABA,CABA
1460,CABA,CABA
1461,CABA,CABA
1462,CABA,CABA
1463,CABA,CABA
1464,CABA,CABA
1465,CABA,CABA
1466,CABA,CABA
1467,CABA,CABA
1468,CABA,CABA
1469,CABA,CABA
1470,CABA,CABA
1471,CABA,CABA
1472,CABA,CABA
1473,CABA,CABA
1474,CABA,CABA
1475,CABA,CABA
1476,CABA,CABA
1477,CABA,CABA
1478,CABA,CABA
1479,CABA,CABA
1480,CABA,CABA
1481,CABA,CABA
1482,CABA,CABA
1483,CABA,CABA
1484,CABA,CABA
1485,CABA,CABA
1486,CABA,CABA
1487,CABA,CABA
1488,CABA,CABA
1489,CABA,CABA
1490,CABA,CABA
1491,CABA,CABA
1492,CABA,CABA
1493,CABA,CABA
1494,CABA,CABA
1495,CABA,CABA
1496,CABA,CABA
1497,CABA,CABA
1498,CABA,CABA
1499,CABA,CABA
1602,1ER CORDON,Vicente Lopez
1603,1ER CORDON,Vicente Lopez
1604,1ER CORDON,Vicente Lopez
1605,1ER CORDON,Vicente Lopez
1636,1ER CORDON,Vicente Lopez
1637,1ER CORDON,Vicente Lopez
1638,1ER CORDON,Vicente Lopez
1650,1ER CORDON,San Martin
1651,1ER CORDON,San Martin
1652,1ER CORDON,San Martin
1653,1ER CORDON,San Martin
1670,1ER CORDON,Tres de Febrero
1672,1ER CORDON,Tres de Febrero
1674,1ER CORDON,Tres de Febrero
1676,1ER CORDON,Tres de Febrero
1678,1ER CORDON,Tres de Febrero
1684,1ER CORDON,Tres de Febrero
1685,1ER CORDON,Tres de Febrero
1752,1ER CORDON,Lomas del Mirador
1754,1ER CORDON,San Justo
1832,1ER CORDON,Lomas de Zamora
1834,1ER CORDON,Lomas de Zamora
1836,1ER CORDON,Lomas de Zamora
1822,1ER CORDON,Lanus
1824,1ER CORDON,Lanus
1825,1ER CORDON,Lanus
1826,1ER CORDON,Lanus
1828,1ER CORDON,Lanus
1870,1ER CORDON,Avellaneda
1871,1ER CORDON,Avellaneda
1872,1ER CORDON,Avellaneda
1874,1ER CORDON,Avellaneda
1640,2DO CORDON,San Isidro
1641,2DO CORDON,San Isidro
1642,2DO CORDON,San Isidro
1643,2DO CORDON,San Isidro
1646,2DO CORDON,San Fernando
1648,2DO CORDON,Tigre
1663,2DO CORDON,San Miguel
1664,2DO CORDON,San Miguel
1686,2DO CORDON,Hurlingham
1688,2DO CORDON,Hurlingham
1714,2DO CORDON,Ituzaingo
1708,2DO CORDON,Moron
1712,2DO CORDON,Moron
1765,2DO CORDON,Isidro Casanova
1757,2DO CORDON,Gregorio de Laferrere
1755,2DO CORDON,Rafael Castillo
1804,2DO CORDON,Ezeiza
1842,2DO CORDON,Esteban Echeverria
1878,2DO CORDON,Quilmes
2800,3ER CORDON,Zarate
2804,3ER CORDON,Campana
1629,3ER CORDON,Pilar
1625,3ER CORDON,Escobar
6700,3ER CORDON,Lujan
1613,3ER CORDON,Malvinas Argentinas
1666,3ER CORDON,Malvinas Argentinas
1665,3ER CORDON,Jose C Paz
1748,3ER CORDON,General Rodriguez
1744,3ER CORDON,Moreno
1722,3ER CORDON,Merlo
1727,3ER CORDON,Marcos Paz
1759,3ER CORDON,Gonzalez Catan
1763,3ER CORDON,Virrey del Pino
1812,3ER CORDON,Tristan Suarez / Spegazzini
1814,3ER CORDON,Canuelas
1865,3ER CORDON,San Vicente
1862,3ER CORDON,Presidente Peron
1888,3ER CORDON,Florencio Varela
1884,3ER CORDON,Berazategui
1925,3ER CORDON,Ensenada
1923,3ER CORDON,Berisso
1900,3ER CORDON,La Plata
1901,3ER CORDON,La Plata
1902,3ER CORDON,La Plata
1903,3ER CORDON,La Plata
1904,3ER CORDON,La Plata
